{
    "mask": {
        "psnr": 24.0696222782135,
        "ssim": 0.961720522493124,
        "lpips": 1.4006945230066776,
        "fid": 114.66540324486095,
        "inference_time_ms": 0.35528838634490967
    },
    "gaussian": {
        "psnr": 24.449796199798584,
        "ssim": 0.9648702144622803,
        "lpips": 1.34086924046278,
        "fid": 114.87417596009828,
        "inference_time_ms": 0.27808547019958496
    },
    "salt_pepper": {
        "psnr": 24.403133988380432,
        "ssim": 0.9639294147491455,
        "lpips": 1.385096449404955,
        "fid": 114.81724138436005,
        "inference_time_ms": 0.257834792137146
    },
    "blur": {
        "psnr": 24.332275986671448,
        "ssim": 0.9631332717835903,
        "lpips": 1.576094999909401,
        "fid": 119.22776653986288,
        "inference_time_ms": 0.2506673336029053
    },
    "jpeg": {
        "psnr": 24.295734405517578,
        "ssim": 0.9638475142419338,
        "lpips": 1.3601593896746635,
        "fid": 116.70949387094562,
        "inference_time_ms": 0.2533048391342163
    },
    "combined": {
        "psnr": 24.210137963294983,
        "ssim": 0.96168277785182,
        "lpips": 1.5392706990242004,
        "fid": 119.92992431406303,
        "inference_time_ms": 0.2390742301940918
    }
}